hate_interest,GEOID
8.547008547008547,23001.0
8.547008547008547,23005.0
8.547008547008547,23007.0
8.547008547008547,23011.0
8.547008547008547,23013.0
8.547008547008547,23015.0
8.547008547008547,23017.0
8.547008547008547,23023.0
8.547008547008547,23031.0
8.547008547008547,33003.0
8.547008547008547,33007.0
15.384615384615385,9001.0
15.384615384615385,34003.0
15.384615384615385,34013.0
15.384615384615385,34017.0
15.384615384615385,34019.0
15.384615384615385,34023.0
15.384615384615385,34025.0
15.384615384615385,34027.0
15.384615384615385,34029.0
15.384615384615385,34031.0
15.384615384615385,34035.0
15.384615384615385,34037.0
15.384615384615385,34039.0
15.384615384615385,34041.0
15.384615384615385,36005.0
15.384615384615385,36027.0
15.384615384615385,36047.0
15.384615384615385,36059.0
15.384615384615385,36061.0
15.384615384615385,36071.0
15.384615384615385,36079.0
15.384615384615385,36081.0
15.384615384615385,36085.0
15.384615384615385,36087.0
15.384615384615385,36103.0
15.384615384615385,36105.0
15.384615384615385,36111.0
15.384615384615385,36119.0
15.384615384615385,42103.0
6.837606837606837,36007.0
6.837606837606837,36017.0
6.837606837606837,36025.0
6.837606837606837,36107.0
6.837606837606837,13009.0
6.837606837606837,13021.0
6.837606837606837,13023.0
6.837606837606837,13079.0
6.837606837606837,13091.0
6.837606837606837,13093.0
6.837606837606837,13141.0
6.837606837606837,13153.0
6.837606837606837,13167.0
6.837606837606837,13169.0
6.837606837606837,13175.0
6.837606837606837,13193.0
6.837606837606837,13207.0
6.837606837606837,13225.0
6.837606837606837,13235.0
6.837606837606837,13269.0
6.837606837606837,13271.0
6.837606837606837,13283.0
6.837606837606837,13289.0
6.837606837606837,13303.0
6.837606837606837,13309.0
6.837606837606837,13315.0
6.837606837606837,13319.0
11.965811965811966,10001.0
11.965811965811966,10003.0
11.965811965811966,34001.0
11.965811965811966,34005.0
11.965811965811966,34007.0
11.965811965811966,34009.0
11.965811965811966,34011.0
11.965811965811966,34015.0
11.965811965811966,34021.0
11.965811965811966,34033.0
11.965811965811966,42011.0
11.965811965811966,42017.0
11.965811965811966,42029.0
11.965811965811966,42045.0
11.965811965811966,42077.0
11.965811965811966,42091.0
11.965811965811966,42095.0
11.965811965811966,42101.0
11.965811965811966,26087.0
11.965811965811966,26093.0
11.965811965811966,26099.0
11.965811965811966,26115.0
11.965811965811966,26125.0
11.965811965811966,26147.0
11.965811965811966,26151.0
11.965811965811966,26161.0
11.965811965811966,26163.0
12.820512820512821,25001.0
12.820512820512821,25007.0
12.820512820512821,25009.0
12.820512820512821,25017.0
12.820512820512821,25019.0
12.820512820512821,25021.0
12.820512820512821,25023.0
12.820512820512821,25025.0
12.820512820512821,25027.0
12.820512820512821,33001.0
12.820512820512821,33005.0
12.820512820512821,33011.0
12.820512820512821,33013.0
12.820512820512821,33015.0
12.820512820512821,33017.0
12.820512820512821,50025.0
8.547008547008547,13001.0
8.547008547008547,13005.0
8.547008547008547,13029.0
8.547008547008547,13031.0
8.547008547008547,13043.0
8.547008547008547,13051.0
8.547008547008547,13103.0
8.547008547008547,13109.0
8.547008547008547,13161.0
8.547008547008547,13179.0
8.547008547008547,13183.0
8.547008547008547,13191.0
8.547008547008547,13209.0
8.547008547008547,13251.0
8.547008547008547,13267.0
8.547008547008547,13279.0
8.547008547008547,13305.0
8.547008547008547,45013.0
8.547008547008547,45049.0
8.547008547008547,45053.0
11.965811965811966,24023.0
11.965811965811966,42003.0
11.965811965811966,42005.0
11.965811965811966,42007.0
11.965811965811966,42019.0
11.965811965811966,42031.0
11.965811965811966,42051.0
11.965811965811966,42053.0
11.965811965811966,42059.0
11.965811965811966,42063.0
11.965811965811966,42073.0
11.965811965811966,42121.0
11.965811965811966,42125.0
11.965811965811966,42129.0
11.965811965811966,54061.0
11.965811965811966,54077.0
7.6923076923076925,18001.0
7.6923076923076925,18003.0
7.6923076923076925,18033.0
7.6923076923076925,18069.0
7.6923076923076925,18075.0
7.6923076923076925,18113.0
7.6923076923076925,18151.0
7.6923076923076925,18169.0
7.6923076923076925,18179.0
7.6923076923076925,18183.0
7.6923076923076925,39125.0
7.6923076923076925,39161.0
11.965811965811966,39005.0
11.965811965811966,39007.0
11.965811965811966,39019.0
11.965811965811966,39035.0
11.965811965811966,39043.0
11.965811965811966,39055.0
11.965811965811966,39075.0
11.965811965811966,39077.0
11.965811965811966,39085.0
11.965811965811966,39093.0
11.965811965811966,39103.0
11.965811965811966,39133.0
11.965811965811966,39139.0
11.965811965811966,39151.0
11.965811965811966,39153.0
11.965811965811966,39157.0
11.965811965811966,39169.0
12.820512820512821,11001.0
12.820512820512821,24001.0
12.820512820512821,24009.0
12.820512820512821,24017.0
12.820512820512821,24021.0
12.820512820512821,24031.0
12.820512820512821,24033.0
12.820512820512821,24037.0
12.820512820512821,24043.0
12.820512820512821,42057.0
12.820512820512821,51013.0
12.820512820512821,51043.0
12.820512820512821,51047.0
12.820512820512821,51059.0
12.820512820512821,51061.0
12.820512820512821,51069.0
12.820512820512821,51107.0
12.820512820512821,51139.0
12.820512820512821,51153.0
12.820512820512821,51157.0
12.820512820512821,51171.0
12.820512820512821,51177.0
12.820512820512821,51179.0
12.820512820512821,51187.0
12.820512820512821,51510.0
12.820512820512821,51600.0
12.820512820512821,51610.0
12.820512820512821,51630.0
12.820512820512821,51683.0
12.820512820512821,51685.0
12.820512820512821,51840.0
12.820512820512821,54003.0
12.820512820512821,54023.0
12.820512820512821,54027.0
12.820512820512821,54031.0
12.820512820512821,54037.0
12.820512820512821,54057.0
12.820512820512821,54065.0
11.11111111111111,24003.0
11.11111111111111,24005.0
11.11111111111111,24011.0
11.11111111111111,24013.0
11.11111111111111,24015.0
11.11111111111111,24025.0
11.11111111111111,24027.0
11.11111111111111,24029.0
11.11111111111111,24035.0
11.11111111111111,24041.0
11.11111111111111,24510.0
8.547008547008547,26011.0
8.547008547008547,26017.0
8.547008547008547,26049.0
8.547008547008547,26051.0
8.547008547008547,26057.0
8.547008547008547,26063.0
8.547008547008547,26069.0
8.547008547008547,26073.0
8.547008547008547,26111.0
8.547008547008547,26129.0
8.547008547008547,26145.0
8.547008547008547,26155.0
8.547008547008547,26157.0
8.547008547008547,36003.0
8.547008547008547,36009.0
8.547008547008547,36013.0
8.547008547008547,36029.0
8.547008547008547,36037.0
8.547008547008547,36063.0
8.547008547008547,36073.0
8.547008547008547,36121.0
8.547008547008547,42083.0
8.547008547008547,42105.0
9.401709401709402,18029.0
9.401709401709402,18047.0
9.401709401709402,18115.0
9.401709401709402,18137.0
9.401709401709402,18155.0
9.401709401709402,18161.0
9.401709401709402,21015.0
9.401709401709402,21023.0
9.401709401709402,21037.0
9.401709401709402,21077.0
9.401709401709402,21081.0
9.401709401709402,21117.0
9.401709401709402,21161.0
9.401709401709402,21187.0
9.401709401709402,21191.0
9.401709401709402,39001.0
9.401709401709402,39015.0
9.401709401709402,39017.0
9.401709401709402,39025.0
9.401709401709402,39027.0
9.401709401709402,39061.0
9.401709401709402,39071.0
9.401709401709402,39165.0
7.6923076923076925,42039.0
7.6923076923076925,42049.0
7.6923076923076925,42123.0
11.11111111111111,37003.0
11.11111111111111,37007.0
11.11111111111111,37009.0
11.11111111111111,37011.0
11.11111111111111,37023.0
11.11111111111111,37025.0
11.11111111111111,37027.0
11.11111111111111,37035.0
11.11111111111111,37045.0
11.11111111111111,37071.0
11.11111111111111,37097.0
11.11111111111111,37109.0
11.11111111111111,37119.0
11.11111111111111,37153.0
11.11111111111111,37159.0
11.11111111111111,37167.0
11.11111111111111,37179.0
11.11111111111111,37189.0
11.11111111111111,45023.0
11.11111111111111,45025.0
11.11111111111111,45057.0
11.11111111111111,45091.0
9.401709401709402,37001.0
9.401709401709402,37005.0
9.401709401709402,37033.0
9.401709401709402,37057.0
9.401709401709402,37059.0
9.401709401709402,37067.0
9.401709401709402,37081.0
9.401709401709402,37123.0
9.401709401709402,37151.0
9.401709401709402,37157.0
9.401709401709402,37169.0
9.401709401709402,37171.0
9.401709401709402,37193.0
9.401709401709402,37197.0
9.401709401709402,51141.0
7.6923076923076925,45015.0
7.6923076923076925,45019.0
7.6923076923076925,45029.0
7.6923076923076925,45035.0
7.6923076923076925,45043.0
7.6923076923076925,45089.0
6.837606837606837,13033.0
6.837606837606837,13073.0
6.837606837606837,13107.0
6.837606837606837,13125.0
6.837606837606837,13163.0
6.837606837606837,13165.0
6.837606837606837,13181.0
6.837606837606837,13189.0
6.837606837606837,13245.0
6.837606837606837,13265.0
6.837606837606837,13301.0
6.837606837606837,13317.0
6.837606837606837,45003.0
6.837606837606837,45005.0
6.837606837606837,45009.0
6.837606837606837,45011.0
6.837606837606837,45037.0
6.837606837606837,45065.0
8.547008547008547,25005.0
8.547008547008547,44001.0
8.547008547008547,44003.0
8.547008547008547,44005.0
8.547008547008547,44007.0
8.547008547008547,44009.0
8.547008547008547,1005.0
8.547008547008547,1017.0
8.547008547008547,1081.0
8.547008547008547,1113.0
8.547008547008547,13053.0
8.547008547008547,13061.0
8.547008547008547,13145.0
8.547008547008547,13197.0
8.547008547008547,13215.0
8.547008547008547,13239.0
8.547008547008547,13243.0
8.547008547008547,13249.0
8.547008547008547,13259.0
8.547008547008547,13261.0
8.547008547008547,13263.0
8.547008547008547,13307.0
8.547008547008547,33009.0
8.547008547008547,33019.0
8.547008547008547,36019.0
8.547008547008547,36031.0
8.547008547008547,36033.0
8.547008547008547,50001.0
8.547008547008547,50005.0
8.547008547008547,50007.0
8.547008547008547,50009.0
8.547008547008547,50011.0
8.547008547008547,50013.0
8.547008547008547,50015.0
8.547008547008547,50017.0
8.547008547008547,50019.0
8.547008547008547,50021.0
8.547008547008547,50023.0
8.547008547008547,50027.0
11.965811965811966,1029.0
11.965811965811966,1111.0
11.965811965811966,13011.0
11.965811965811966,13013.0
11.965811965811966,13015.0
11.965811965811966,13035.0
11.965811965811966,13045.0
11.965811965811966,13057.0
11.965811965811966,13059.0
11.965811965811966,13063.0
11.965811965811966,13067.0
11.965811965811966,13077.0
11.965811965811966,13085.0
11.965811965811966,13089.0
11.965811965811966,13097.0
11.965811965811966,13111.0
11.965811965811966,13113.0
11.965811965811966,13115.0
11.965811965811966,13117.0
11.965811965811966,13121.0
11.965811965811966,13123.0
11.965811965811966,13129.0
11.965811965811966,13133.0
11.965811965811966,13135.0
11.965811965811966,13137.0
11.965811965811966,13139.0
11.965811965811966,13143.0
11.965811965811966,13149.0
11.965811965811966,13151.0
11.965811965811966,13157.0
11.965811965811966,13159.0
11.965811965811966,13171.0
11.965811965811966,13187.0
11.965811965811966,13195.0
11.965811965811966,13199.0
11.965811965811966,13211.0
11.965811965811966,13217.0
11.965811965811966,13219.0
11.965811965811966,13221.0
11.965811965811966,13223.0
11.965811965811966,13227.0
11.965811965811966,13231.0
11.965811965811966,13233.0
11.965811965811966,13237.0
11.965811965811966,13241.0
11.965811965811966,13247.0
11.965811965811966,13255.0
11.965811965811966,13281.0
11.965811965811966,13285.0
11.965811965811966,13291.0
11.965811965811966,13293.0
11.965811965811966,13297.0
11.965811965811966,13311.0
11.965811965811966,37043.0
4.273504273504273,13003.0
4.273504273504273,13007.0
4.273504273504273,13017.0
4.273504273504273,13019.0
4.273504273504273,13037.0
4.273504273504273,13069.0
4.273504273504273,13071.0
4.273504273504273,13075.0
4.273504273504273,13081.0
4.273504273504273,13095.0
4.273504273504273,13155.0
4.273504273504273,13177.0
4.273504273504273,13205.0
4.273504273504273,13273.0
4.273504273504273,13277.0
4.273504273504273,13287.0
4.273504273504273,13321.0
5.128205128205129,36043.0
5.128205128205129,36077.0
10.256410256410257,18005.0
10.256410256410257,18009.0
10.256410256410257,18011.0
10.256410256410257,18013.0
10.256410256410257,18015.0
10.256410256410257,18017.0
10.256410256410257,18023.0
10.256410256410257,18031.0
10.256410256410257,18035.0
10.256410256410257,18041.0
10.256410256410257,18045.0
10.256410256410257,18053.0
10.256410256410257,18057.0
10.256410256410257,18059.0
10.256410256410257,18063.0
10.256410256410257,18065.0
10.256410256410257,18067.0
10.256410256410257,18081.0
10.256410256410257,18093.0
10.256410256410257,18095.0
10.256410256410257,18097.0
10.256410256410257,18103.0
10.256410256410257,18105.0
10.256410256410257,18107.0
10.256410256410257,18109.0
10.256410256410257,18119.0
10.256410256410257,18133.0
10.256410256410257,18135.0
10.256410256410257,18139.0
10.256410256410257,18145.0
10.256410256410257,18159.0
10.256410256410257,18177.0
10.256410256410257,18181.0
11.965811965811966,12011.0
11.965811965811966,12086.0
11.965811965811966,12087.0
8.547008547008547,18019.0
8.547008547008547,18025.0
8.547008547008547,18043.0
8.547008547008547,18061.0
8.547008547008547,18071.0
8.547008547008547,18077.0
8.547008547008547,18079.0
8.547008547008547,18117.0
8.547008547008547,18143.0
8.547008547008547,18175.0
8.547008547008547,21001.0
8.547008547008547,21027.0
8.547008547008547,21029.0
8.547008547008547,21041.0
8.547008547008547,21085.0
8.547008547008547,21087.0
8.547008547008547,21093.0
8.547008547008547,21103.0
8.547008547008547,21111.0
8.547008547008547,21123.0
8.547008547008547,21155.0
8.547008547008547,21163.0
8.547008547008547,21179.0
8.547008547008547,21185.0
8.547008547008547,21211.0
8.547008547008547,21215.0
8.547008547008547,21217.0
8.547008547008547,21223.0
8.547008547008547,21229.0
8.547008547008547,12039.0
8.547008547008547,12047.0
8.547008547008547,12065.0
8.547008547008547,12067.0
8.547008547008547,12073.0
8.547008547008547,12079.0
8.547008547008547,12121.0
8.547008547008547,12123.0
8.547008547008547,12129.0
8.547008547008547,13027.0
8.547008547008547,13065.0
8.547008547008547,13087.0
8.547008547008547,13101.0
8.547008547008547,13131.0
8.547008547008547,13173.0
8.547008547008547,13185.0
8.547008547008547,13201.0
8.547008547008547,13253.0
8.547008547008547,13275.0
8.547008547008547,21131.0
8.547008547008547,21133.0
8.547008547008547,47019.0
8.547008547008547,47059.0
8.547008547008547,47073.0
8.547008547008547,47091.0
8.547008547008547,47163.0
8.547008547008547,47171.0
8.547008547008547,47179.0
8.547008547008547,51027.0
8.547008547008547,51051.0
8.547008547008547,51105.0
8.547008547008547,51167.0
8.547008547008547,51169.0
8.547008547008547,51173.0
8.547008547008547,51191.0
8.547008547008547,51195.0
8.547008547008547,51520.0
8.547008547008547,51720.0
9.401709401709402,25003.0
9.401709401709402,36001.0
9.401709401709402,36021.0
9.401709401709402,36035.0
9.401709401709402,36039.0
9.401709401709402,36041.0
9.401709401709402,36057.0
9.401709401709402,36083.0
9.401709401709402,36091.0
9.401709401709402,36093.0
9.401709401709402,36095.0
9.401709401709402,36113.0
9.401709401709402,36115.0
9.401709401709402,50003.0
11.11111111111111,9003.0
11.11111111111111,9005.0
11.11111111111111,9007.0
11.11111111111111,9009.0
11.11111111111111,9011.0
11.11111111111111,9013.0
11.11111111111111,9015.0
11.11111111111111,12009.0
11.11111111111111,12035.0
11.11111111111111,12069.0
11.11111111111111,12083.0
11.11111111111111,12095.0
11.11111111111111,12097.0
11.11111111111111,12117.0
11.11111111111111,12119.0
11.11111111111111,12127.0
11.11111111111111,39009.0
11.11111111111111,39031.0
11.11111111111111,39033.0
11.11111111111111,39041.0
11.11111111111111,39045.0
11.11111111111111,39047.0
11.11111111111111,39049.0
11.11111111111111,39059.0
11.11111111111111,39065.0
11.11111111111111,39073.0
11.11111111111111,39083.0
11.11111111111111,39089.0
11.11111111111111,39097.0
11.11111111111111,39101.0
11.11111111111111,39115.0
11.11111111111111,39117.0
11.11111111111111,39121.0
11.11111111111111,39127.0
11.11111111111111,39129.0
11.11111111111111,39131.0
11.11111111111111,39141.0
11.11111111111111,39159.0
7.6923076923076925,39029.0
7.6923076923076925,39099.0
7.6923076923076925,39155.0
7.6923076923076925,42085.0
7.6923076923076925,23009.0
7.6923076923076925,23019.0
7.6923076923076925,23021.0
7.6923076923076925,23025.0
7.6923076923076925,23027.0
7.6923076923076925,23029.0
8.547008547008547,36051.0
8.547008547008547,36055.0
8.547008547008547,36069.0
8.547008547008547,36117.0
8.547008547008547,36123.0
11.965811965811966,12017.0
11.965811965811966,12049.0
11.965811965811966,12053.0
11.965811965811966,12055.0
11.965811965811966,12057.0
11.965811965811966,12081.0
11.965811965811966,12101.0
11.965811965811966,12103.0
11.965811965811966,12105.0
11.965811965811966,12115.0
8.547008547008547,26009.0
8.547008547008547,26019.0
8.547008547008547,26029.0
8.547008547008547,26031.0
8.547008547008547,26033.0
8.547008547008547,26035.0
8.547008547008547,26039.0
8.547008547008547,26047.0
8.547008547008547,26055.0
8.547008547008547,26079.0
8.547008547008547,26085.0
8.547008547008547,26089.0
8.547008547008547,26095.0
8.547008547008547,26097.0
8.547008547008547,26101.0
8.547008547008547,26105.0
8.547008547008547,26107.0
8.547008547008547,26113.0
8.547008547008547,26119.0
8.547008547008547,26133.0
8.547008547008547,26135.0
8.547008547008547,26137.0
8.547008547008547,26141.0
8.547008547008547,26143.0
8.547008547008547,26165.0
7.6923076923076925,21005.0
7.6923076923076925,21011.0
7.6923076923076925,21017.0
7.6923076923076925,21021.0
7.6923076923076925,21025.0
7.6923076923076925,21045.0
7.6923076923076925,21049.0
7.6923076923076925,21051.0
7.6923076923076925,21065.0
7.6923076923076925,21067.0
7.6923076923076925,21069.0
7.6923076923076925,21073.0
7.6923076923076925,21079.0
7.6923076923076925,21097.0
7.6923076923076925,21109.0
7.6923076923076925,21113.0
7.6923076923076925,21119.0
7.6923076923076925,21121.0
7.6923076923076925,21125.0
7.6923076923076925,21129.0
7.6923076923076925,21137.0
7.6923076923076925,21151.0
7.6923076923076925,21153.0
7.6923076923076925,21165.0
7.6923076923076925,21167.0
7.6923076923076925,21173.0
7.6923076923076925,21175.0
7.6923076923076925,21181.0
7.6923076923076925,21189.0
7.6923076923076925,21193.0
7.6923076923076925,21197.0
7.6923076923076925,21199.0
7.6923076923076925,21201.0
7.6923076923076925,21203.0
7.6923076923076925,21205.0
7.6923076923076925,21207.0
7.6923076923076925,21209.0
7.6923076923076925,21231.0
7.6923076923076925,21235.0
7.6923076923076925,21237.0
7.6923076923076925,21239.0
8.547008547008547,39011.0
8.547008547008547,39021.0
8.547008547008547,39023.0
8.547008547008547,39037.0
8.547008547008547,39057.0
8.547008547008547,39091.0
8.547008547008547,39107.0
8.547008547008547,39109.0
8.547008547008547,39113.0
8.547008547008547,39135.0
8.547008547008547,39149.0
7.6923076923076925,25011.0
7.6923076923076925,25013.0
7.6923076923076925,25015.0
9.401709401709402,37029.0
9.401709401709402,37041.0
9.401709401709402,37053.0
9.401709401709402,37073.0
9.401709401709402,37091.0
9.401709401709402,37139.0
9.401709401709402,37143.0
9.401709401709402,51001.0
9.401709401709402,51073.0
9.401709401709402,51093.0
9.401709401709402,51095.0
9.401709401709402,51115.0
9.401709401709402,51131.0
9.401709401709402,51175.0
9.401709401709402,51181.0
9.401709401709402,51199.0
9.401709401709402,51550.0
9.401709401709402,51620.0
9.401709401709402,51650.0
9.401709401709402,51700.0
9.401709401709402,51710.0
9.401709401709402,51735.0
9.401709401709402,51740.0
9.401709401709402,51800.0
9.401709401709402,51810.0
9.401709401709402,51830.0
6.837606837606837,37013.0
6.837606837606837,37015.0
6.837606837606837,37031.0
6.837606837606837,37049.0
6.837606837606837,37055.0
6.837606837606837,37061.0
6.837606837606837,37079.0
6.837606837606837,37095.0
6.837606837606837,37103.0
6.837606837606837,37107.0
6.837606837606837,37117.0
6.837606837606837,37133.0
6.837606837606837,37137.0
6.837606837606837,37147.0
6.837606837606837,37177.0
6.837606837606837,37187.0
7.6923076923076925,45017.0
7.6923076923076925,45027.0
7.6923076923076925,45039.0
7.6923076923076925,45055.0
7.6923076923076925,45061.0
7.6923076923076925,45063.0
7.6923076923076925,45071.0
7.6923076923076925,45075.0
7.6923076923076925,45079.0
7.6923076923076925,45081.0
7.6923076923076925,45085.0
7.6923076923076925,26091.0
7.6923076923076925,39039.0
7.6923076923076925,39051.0
7.6923076923076925,39063.0
7.6923076923076925,39069.0
7.6923076923076925,39095.0
7.6923076923076925,39123.0
7.6923076923076925,39137.0
7.6923076923076925,39143.0
7.6923076923076925,39147.0
7.6923076923076925,39171.0
7.6923076923076925,39173.0
7.6923076923076925,39175.0
9.401709401709402,12061.0
9.401709401709402,12085.0
9.401709401709402,12093.0
9.401709401709402,12099.0
9.401709401709402,12111.0
5.982905982905983,36045.0
5.982905982905983,36049.0
5.982905982905983,36089.0
7.6923076923076925,37017.0
7.6923076923076925,37019.0
7.6923076923076925,37047.0
7.6923076923076925,37129.0
7.6923076923076925,37141.0
7.6923076923076925,26037.0
7.6923076923076925,26045.0
7.6923076923076925,26059.0
7.6923076923076925,26065.0
7.6923076923076925,26075.0
1.7094017094017093,23003.0
4.273504273504273,26003.0
4.273504273504273,26013.0
4.273504273504273,26041.0
4.273504273504273,26043.0
4.273504273504273,26061.0
4.273504273504273,26071.0
4.273504273504273,26083.0
4.273504273504273,26103.0
4.273504273504273,26131.0
4.273504273504273,26153.0
5.128205128205129,39013.0
5.128205128205129,39067.0
5.128205128205129,39081.0
5.128205128205129,39111.0
5.128205128205129,54009.0
5.128205128205129,54029.0
5.128205128205129,54051.0
5.128205128205129,54069.0
5.128205128205129,54095.0
5.128205128205129,54103.0
7.6923076923076925,36011.0
7.6923076923076925,36023.0
7.6923076923076925,36053.0
7.6923076923076925,36065.0
7.6923076923076925,36067.0
7.6923076923076925,36075.0
7.6923076923076925,36099.0
7.6923076923076925,36109.0
9.401709401709402,51007.0
9.401709401709402,51025.0
9.401709401709402,51029.0
9.401709401709402,51033.0
9.401709401709402,51036.0
9.401709401709402,51041.0
9.401709401709402,51049.0
9.401709401709402,51053.0
9.401709401709402,51057.0
9.401709401709402,51075.0
9.401709401709402,51081.0
9.401709401709402,51085.0
9.401709401709402,51087.0
9.401709401709402,51097.0
9.401709401709402,51099.0
9.401709401709402,51101.0
9.401709401709402,51103.0
9.401709401709402,51109.0
9.401709401709402,51111.0
9.401709401709402,51119.0
9.401709401709402,51127.0
9.401709401709402,51133.0
9.401709401709402,51135.0
9.401709401709402,51137.0
9.401709401709402,51145.0
9.401709401709402,51147.0
9.401709401709402,51149.0
9.401709401709402,51159.0
9.401709401709402,51183.0
9.401709401709402,51193.0
9.401709401709402,51570.0
9.401709401709402,51595.0
9.401709401709402,51670.0
9.401709401709402,51730.0
9.401709401709402,51760.0
8.547008547008547,21013.0
8.547008547008547,21095.0
8.547008547008547,21147.0
8.547008547008547,47001.0
8.547008547008547,47009.0
8.547008547008547,47013.0
8.547008547008547,47025.0
8.547008547008547,47029.0
8.547008547008547,47035.0
8.547008547008547,47049.0
8.547008547008547,47057.0
8.547008547008547,47063.0
8.547008547008547,47067.0
8.547008547008547,47089.0
8.547008547008547,47093.0
8.547008547008547,47105.0
8.547008547008547,47123.0
8.547008547008547,47129.0
8.547008547008547,47145.0
8.547008547008547,47151.0
8.547008547008547,47155.0
8.547008547008547,47173.0
4.273504273504273,39003.0
5.128205128205129,51185.0
5.128205128205129,54019.0
5.128205128205129,54025.0
5.128205128205129,54047.0
5.128205128205129,54055.0
5.128205128205129,54063.0
5.128205128205129,54081.0
5.128205128205129,54089.0
5.128205128205129,54109.0
11.965811965811966,37037.0
11.965811965811966,37051.0
11.965811965811966,37063.0
11.965811965811966,37065.0
11.965811965811966,37069.0
11.965811965811966,37077.0
11.965811965811966,37083.0
11.965811965811966,37085.0
11.965811965811966,37093.0
11.965811965811966,37101.0
11.965811965811966,37105.0
11.965811965811966,37125.0
11.965811965811966,37127.0
11.965811965811966,37131.0
11.965811965811966,37135.0
11.965811965811966,37145.0
11.965811965811966,37163.0
11.965811965811966,37181.0
11.965811965811966,37183.0
11.965811965811966,37185.0
11.965811965811966,37191.0
11.965811965811966,37195.0
11.965811965811966,51117.0
9.401709401709402,12003.0
9.401709401709402,12007.0
9.401709401709402,12019.0
9.401709401709402,12023.0
9.401709401709402,12031.0
9.401709401709402,12089.0
9.401709401709402,12107.0
9.401709401709402,12109.0
9.401709401709402,12125.0
9.401709401709402,13025.0
9.401709401709402,13039.0
9.401709401709402,13049.0
9.401709401709402,13127.0
9.401709401709402,13229.0
9.401709401709402,13299.0
9.401709401709402,26005.0
9.401709401709402,26015.0
9.401709401709402,26023.0
9.401709401709402,26025.0
9.401709401709402,26067.0
9.401709401709402,26077.0
9.401709401709402,26081.0
9.401709401709402,26117.0
9.401709401709402,26121.0
9.401709401709402,26123.0
9.401709401709402,26127.0
9.401709401709402,26139.0
9.401709401709402,26149.0
9.401709401709402,26159.0
8.547008547008547,21019.0
8.547008547008547,21043.0
8.547008547008547,21063.0
8.547008547008547,21071.0
8.547008547008547,21089.0
8.547008547008547,21115.0
8.547008547008547,21127.0
8.547008547008547,21135.0
8.547008547008547,21159.0
8.547008547008547,21195.0
8.547008547008547,39053.0
8.547008547008547,39079.0
8.547008547008547,39087.0
8.547008547008547,39105.0
8.547008547008547,39145.0
8.547008547008547,39163.0
8.547008547008547,54005.0
8.547008547008547,54007.0
8.547008547008547,54011.0
8.547008547008547,54013.0
8.547008547008547,54015.0
8.547008547008547,54035.0
8.547008547008547,54039.0
8.547008547008547,54043.0
8.547008547008547,54045.0
8.547008547008547,54053.0
8.547008547008547,54059.0
8.547008547008547,54067.0
8.547008547008547,54079.0
8.547008547008547,54087.0
8.547008547008547,54099.0
8.547008547008547,54105.0
5.128205128205129,36015.0
5.128205128205129,36097.0
5.128205128205129,36101.0
5.128205128205129,42117.0
8.547008547008547,42001.0
8.547008547008547,42041.0
8.547008547008547,42043.0
8.547008547008547,42055.0
8.547008547008547,42067.0
8.547008547008547,42071.0
8.547008547008547,42075.0
8.547008547008547,42087.0
8.547008547008547,42099.0
8.547008547008547,42133.0
8.547008547008547,13105.0
8.547008547008547,13119.0
8.547008547008547,13147.0
8.547008547008547,13257.0
8.547008547008547,37021.0
8.547008547008547,37075.0
8.547008547008547,37087.0
8.547008547008547,37089.0
8.547008547008547,37099.0
8.547008547008547,37111.0
8.547008547008547,37113.0
8.547008547008547,37115.0
8.547008547008547,37121.0
8.547008547008547,37149.0
8.547008547008547,37161.0
8.547008547008547,37173.0
8.547008547008547,37175.0
8.547008547008547,37199.0
8.547008547008547,45001.0
8.547008547008547,45007.0
8.547008547008547,45021.0
8.547008547008547,45045.0
8.547008547008547,45047.0
8.547008547008547,45059.0
8.547008547008547,45073.0
8.547008547008547,45077.0
8.547008547008547,45083.0
8.547008547008547,45087.0
5.128205128205129,51015.0
5.128205128205129,51165.0
5.128205128205129,51660.0
5.128205128205129,51790.0
5.128205128205129,51820.0
5.128205128205129,54071.0
7.6923076923076925,37155.0
7.6923076923076925,37165.0
7.6923076923076925,45031.0
7.6923076923076925,45033.0
7.6923076923076925,45041.0
7.6923076923076925,45051.0
7.6923076923076925,45067.0
7.6923076923076925,45069.0
8.547008547008547,12015.0
8.547008547008547,12021.0
8.547008547008547,12027.0
8.547008547008547,12043.0
8.547008547008547,12051.0
8.547008547008547,12071.0
8.547008547008547,51005.0
8.547008547008547,51009.0
8.547008547008547,51011.0
8.547008547008547,51017.0
8.547008547008547,51019.0
8.547008547008547,51021.0
8.547008547008547,51023.0
8.547008547008547,51031.0
8.547008547008547,51035.0
8.547008547008547,51037.0
8.547008547008547,51045.0
8.547008547008547,51063.0
8.547008547008547,51067.0
8.547008547008547,51071.0
8.547008547008547,51077.0
8.547008547008547,51083.0
8.547008547008547,51089.0
8.547008547008547,51091.0
8.547008547008547,51121.0
8.547008547008547,51125.0
8.547008547008547,51143.0
8.547008547008547,51155.0
8.547008547008547,51161.0
8.547008547008547,51163.0
8.547008547008547,51197.0
8.547008547008547,51530.0
8.547008547008547,51580.0
8.547008547008547,51590.0
8.547008547008547,51640.0
8.547008547008547,51678.0
8.547008547008547,51680.0
8.547008547008547,51690.0
8.547008547008547,51750.0
8.547008547008547,51770.0
8.547008547008547,51775.0
8.547008547008547,54075.0
7.6923076923076925,42009.0
7.6923076923076925,42013.0
7.6923076923076925,42021.0
7.6923076923076925,42023.0
7.6923076923076925,42027.0
7.6923076923076925,42033.0
7.6923076923076925,42047.0
7.6923076923076925,42061.0
7.6923076923076925,42065.0
7.6923076923076925,42111.0
7.6923076923076925,13047.0
7.6923076923076925,13055.0
7.6923076923076925,13083.0
7.6923076923076925,13213.0
7.6923076923076925,13295.0
7.6923076923076925,13313.0
7.6923076923076925,37039.0
7.6923076923076925,47007.0
7.6923076923076925,47011.0
7.6923076923076925,47061.0
7.6923076923076925,47065.0
7.6923076923076925,47107.0
7.6923076923076925,47115.0
7.6923076923076925,47121.0
7.6923076923076925,47139.0
7.6923076923076925,47143.0
7.6923076923076925,47153.0
7.6923076923076925,10005.0
7.6923076923076925,24019.0
7.6923076923076925,24039.0
7.6923076923076925,24045.0
7.6923076923076925,24047.0
7.6923076923076925,42015.0
7.6923076923076925,42025.0
7.6923076923076925,42035.0
7.6923076923076925,42037.0
7.6923076923076925,42069.0
7.6923076923076925,42079.0
7.6923076923076925,42081.0
7.6923076923076925,42089.0
7.6923076923076925,42093.0
7.6923076923076925,42097.0
7.6923076923076925,42107.0
7.6923076923076925,42109.0
7.6923076923076925,42113.0
7.6923076923076925,42115.0
7.6923076923076925,42119.0
7.6923076923076925,42127.0
7.6923076923076925,42131.0
5.982905982905983,17023.0
5.982905982905983,17033.0
5.982905982905983,17079.0
5.982905982905983,17101.0
5.982905982905983,17159.0
5.982905982905983,18021.0
5.982905982905983,18027.0
5.982905982905983,18055.0
5.982905982905983,18083.0
5.982905982905983,18101.0
5.982905982905983,18121.0
5.982905982905983,18153.0
5.982905982905983,18165.0
5.982905982905983,18167.0
6.837606837606837,18007.0
6.837606837606837,18157.0
1.7094017094017093,26001.0
1.7094017094017093,26007.0
7.6923076923076925,51003.0
7.6923076923076925,51065.0
7.6923076923076925,51079.0
7.6923076923076925,51113.0
7.6923076923076925,51540.0
6.837606837606837,18039.0
6.837606837606837,18049.0
6.837606837606837,18085.0
6.837606837606837,18087.0
6.837606837606837,18099.0
6.837606837606837,18131.0
6.837606837606837,18141.0
6.837606837606837,18149.0
6.837606837606837,26021.0
6.837606837606837,26027.0
8.547008547008547,12001.0
8.547008547008547,12029.0
8.547008547008547,12041.0
8.547008547008547,12075.0
1.7094017094017093,39119.0
4.273504273504273,39167.0
4.273504273504273,54073.0
4.273504273504273,54107.0
5.128205128205129,54001.0
5.128205128205129,54017.0
5.128205128205129,54021.0
5.128205128205129,54033.0
5.128205128205129,54041.0
5.128205128205129,54049.0
5.128205128205129,54083.0
5.128205128205129,54085.0
5.128205128205129,54091.0
5.128205128205129,54093.0
5.128205128205129,54097.0
5.128205128205129,54101.0
6.837606837606837,48007.0
6.837606837606837,48025.0
6.837606837606837,48047.0
6.837606837606837,48131.0
6.837606837606837,48247.0
6.837606837606837,48249.0
6.837606837606837,48261.0
6.837606837606837,48273.0
6.837606837606837,48297.0
6.837606837606837,48355.0
6.837606837606837,48391.0
6.837606837606837,48409.0
13.675213675213675,17031.0
13.675213675213675,17037.0
13.675213675213675,17043.0
13.675213675213675,17063.0
13.675213675213675,17089.0
13.675213675213675,17091.0
13.675213675213675,17093.0
13.675213675213675,17097.0
13.675213675213675,17099.0
13.675213675213675,17111.0
13.675213675213675,17197.0
13.675213675213675,18073.0
13.675213675213675,18089.0
13.675213675213675,18091.0
13.675213675213675,18111.0
13.675213675213675,18127.0
6.837606837606837,20001.0
6.837606837606837,20011.0
6.837606837606837,20021.0
6.837606837606837,20037.0
6.837606837606837,20099.0
6.837606837606837,20133.0
6.837606837606837,20205.0
6.837606837606837,20207.0
6.837606837606837,29011.0
6.837606837606837,29097.0
6.837606837606837,29119.0
6.837606837606837,29145.0
6.837606837606837,29217.0
6.837606837606837,40115.0
8.547008547008547,29007.0
8.547008547008547,29019.0
8.547008547008547,29027.0
8.547008547008547,29041.0
8.547008547008547,29051.0
8.547008547008547,29053.0
8.547008547008547,29089.0
8.547008547008547,29125.0
8.547008547008547,29131.0
8.547008547008547,29135.0
8.547008547008547,29139.0
8.547008547008547,29141.0
8.547008547008547,29151.0
8.547008547008547,29175.0
7.6923076923076925,20013.0
7.6923076923076925,20027.0
7.6923076923076925,20029.0
7.6923076923076925,20031.0
7.6923076923076925,20061.0
7.6923076923076925,20085.0
7.6923076923076925,20087.0
7.6923076923076925,20111.0
7.6923076923076925,20117.0
7.6923076923076925,20127.0
7.6923076923076925,20131.0
7.6923076923076925,20139.0
7.6923076923076925,20149.0
7.6923076923076925,20161.0
7.6923076923076925,20177.0
7.6923076923076925,20197.0
7.6923076923076925,20201.0
6.837606837606837,1031.0
6.837606837606837,1045.0
6.837606837606837,1061.0
6.837606837606837,1067.0
6.837606837606837,1069.0
6.837606837606837,12059.0
6.837606837606837,13099.0
11.11111111111111,17005.0
11.11111111111111,17013.0
11.11111111111111,17025.0
11.11111111111111,17027.0
11.11111111111111,17051.0
11.11111111111111,17061.0
11.11111111111111,17083.0
11.11111111111111,17117.0
11.11111111111111,17119.0
11.11111111111111,17121.0
11.11111111111111,17133.0
11.11111111111111,17135.0
11.11111111111111,17157.0
11.11111111111111,17163.0
11.11111111111111,17189.0
11.11111111111111,29055.0
11.11111111111111,29071.0
11.11111111111111,29073.0
11.11111111111111,29093.0
11.11111111111111,29099.0
11.11111111111111,29113.0
11.11111111111111,29161.0
11.11111111111111,29163.0
11.11111111111111,29179.0
11.11111111111111,29183.0
11.11111111111111,29186.0
11.11111111111111,29187.0
11.11111111111111,29189.0
11.11111111111111,29219.0
11.11111111111111,29221.0
11.11111111111111,29510.0
8.547008547008547,17007.0
8.547008547008547,17103.0
8.547008547008547,17141.0
8.547008547008547,17177.0
8.547008547008547,17201.0
6.837606837606837,19033.0
6.837606837606837,19067.0
6.837606837606837,19081.0
6.837606837606837,19089.0
6.837606837606837,19131.0
6.837606837606837,19189.0
6.837606837606837,19195.0
6.837606837606837,27039.0
6.837606837606837,27045.0
6.837606837606837,27047.0
6.837606837606837,27099.0
6.837606837606837,27109.0
8.547008547008547,5027.0
8.547008547008547,5057.0
8.547008547008547,5061.0
8.547008547008547,5073.0
8.547008547008547,5081.0
8.547008547008547,5091.0
8.547008547008547,5133.0
8.547008547008547,22013.0
8.547008547008547,22015.0
8.547008547008547,22017.0
8.547008547008547,22027.0
8.547008547008547,22031.0
8.547008547008547,22069.0
8.547008547008547,22081.0
8.547008547008547,22085.0
8.547008547008547,22119.0
8.547008547008547,40089.0
8.547008547008547,48037.0
8.547008547008547,48067.0
8.547008547008547,48203.0
8.547008547008547,48315.0
8.547008547008547,48343.0
8.547008547008547,48365.0
8.547008547008547,48419.0
8.547008547008547,48449.0
10.256410256410257,27001.0
10.256410256410257,27003.0
10.256410256410257,27007.0
10.256410256410257,27009.0
10.256410256410257,27011.0
10.256410256410257,27019.0
10.256410256410257,27021.0
10.256410256410257,27023.0
10.256410256410257,27025.0
10.256410256410257,27033.0
10.256410256410257,27035.0
10.256410256410257,27037.0
10.256410256410257,27041.0
10.256410256410257,27043.0
10.256410256410257,27049.0
10.256410256410257,27051.0
10.256410256410257,27053.0
10.256410256410257,27057.0
10.256410256410257,27059.0
10.256410256410257,27063.0
10.256410256410257,27065.0
10.256410256410257,27067.0
10.256410256410257,27073.0
10.256410256410257,27079.0
10.256410256410257,27083.0
10.256410256410257,27085.0
10.256410256410257,27093.0
10.256410256410257,27095.0
10.256410256410257,27097.0
10.256410256410257,27103.0
10.256410256410257,27115.0
10.256410256410257,27121.0
10.256410256410257,27123.0
10.256410256410257,27127.0
10.256410256410257,27129.0
10.256410256410257,27131.0
10.256410256410257,27139.0
10.256410256410257,27141.0
10.256410256410257,27143.0
10.256410256410257,27145.0
10.256410256410257,27147.0
10.256410256410257,27149.0
10.256410256410257,27151.0
10.256410256410257,27153.0
10.256410256410257,27155.0
10.256410256410257,27157.0
10.256410256410257,27159.0
10.256410256410257,27161.0
10.256410256410257,27163.0
10.256410256410257,27171.0
10.256410256410257,27173.0
10.256410256410257,55005.0
10.256410256410257,55013.0
10.256410256410257,55033.0
10.256410256410257,55093.0
10.256410256410257,55095.0
10.256410256410257,55109.0
10.256410256410257,55129.0
9.401709401709402,20003.0
9.401709401709402,20005.0
9.401709401709402,20045.0
9.401709401709402,20059.0
9.401709401709402,20091.0
9.401709401709402,20103.0
9.401709401709402,20107.0
9.401709401709402,20121.0
9.401709401709402,20209.0
9.401709401709402,29013.0
9.401709401709402,29025.0
9.401709401709402,29033.0
9.401709401709402,29037.0
9.401709401709402,29047.0
9.401709401709402,29049.0
9.401709401709402,29061.0
9.401709401709402,29075.0
9.401709401709402,29079.0
9.401709401709402,29081.0
9.401709401709402,29083.0
9.401709401709402,29087.0
9.401709401709402,29095.0
9.401709401709402,29101.0
9.401709401709402,29107.0
9.401709401709402,29115.0
9.401709401709402,29117.0
9.401709401709402,29129.0
9.401709401709402,29147.0
9.401709401709402,29159.0
9.401709401709402,29165.0
9.401709401709402,29177.0
9.401709401709402,29195.0
9.401709401709402,29227.0
9.401709401709402,55027.0
9.401709401709402,55055.0
9.401709401709402,55059.0
9.401709401709402,55079.0
9.401709401709402,55089.0
9.401709401709402,55101.0
9.401709401709402,55117.0
9.401709401709402,55127.0
9.401709401709402,55131.0
9.401709401709402,55133.0
12.820512820512821,48015.0
12.820512820512821,48039.0
12.820512820512821,48057.0
12.820512820512821,48071.0
12.820512820512821,48089.0
12.820512820512821,48157.0
12.820512820512821,48167.0
12.820512820512821,48185.0
12.820512820512821,48201.0
12.820512820512821,48239.0
12.820512820512821,48291.0
12.820512820512821,48321.0
12.820512820512821,48339.0
12.820512820512821,48373.0
12.820512820512821,48407.0
12.820512820512821,48455.0
12.820512820512821,48471.0
12.820512820512821,48473.0
12.820512820512821,48477.0
12.820512820512821,48481.0
8.547008547008547,5005.0
8.547008547008547,5009.0
8.547008547008547,5015.0
8.547008547008547,5049.0
8.547008547008547,5089.0
8.547008547008547,5101.0
8.547008547008547,29009.0
8.547008547008547,29015.0
8.547008547008547,29029.0
8.547008547008547,29039.0
8.547008547008547,29043.0
8.547008547008547,29057.0
8.547008547008547,29059.0
8.547008547008547,29065.0
8.547008547008547,29067.0
8.547008547008547,29077.0
8.547008547008547,29085.0
8.547008547008547,29091.0
8.547008547008547,29105.0
8.547008547008547,29109.0
8.547008547008547,29149.0
8.547008547008547,29153.0
8.547008547008547,29167.0
8.547008547008547,29169.0
8.547008547008547,29185.0
8.547008547008547,29203.0
8.547008547008547,29209.0
8.547008547008547,29213.0
8.547008547008547,29215.0
8.547008547008547,29225.0
8.547008547008547,29229.0
9.401709401709402,22051.0
9.401709401709402,22057.0
9.401709401709402,22071.0
9.401709401709402,22075.0
9.401709401709402,22087.0
9.401709401709402,22089.0
9.401709401709402,22093.0
9.401709401709402,22095.0
9.401709401709402,22103.0
9.401709401709402,22105.0
9.401709401709402,22109.0
9.401709401709402,22117.0
9.401709401709402,28045.0
9.401709401709402,28109.0
12.820512820512821,48001.0
12.820512820512821,48035.0
12.820512820512821,48085.0
12.820512820512821,48093.0
12.820512820512821,48097.0
12.820512820512821,48113.0
12.820512820512821,48119.0
12.820512820512821,48121.0
12.820512820512821,48139.0
12.820512820512821,48143.0
12.820512820512821,48147.0
12.820512820512821,48161.0
12.820512820512821,48193.0
12.820512820512821,48213.0
12.820512820512821,48217.0
12.820512820512821,48221.0
12.820512820512821,48223.0
12.820512820512821,48231.0
12.820512820512821,48237.0
12.820512820512821,48251.0
12.820512820512821,48257.0
12.820512820512821,48277.0
12.820512820512821,48349.0
12.820512820512821,48363.0
12.820512820512821,48367.0
12.820512820512821,48379.0
12.820512820512821,48387.0
12.820512820512821,48397.0
12.820512820512821,48425.0
12.820512820512821,48439.0
12.820512820512821,48467.0
12.820512820512821,48497.0
5.982905982905983,19021.0
5.982905982905983,19035.0
5.982905982905983,19041.0
5.982905982905983,19059.0
5.982905982905983,19063.0
5.982905982905983,19093.0
5.982905982905983,19133.0
5.982905982905983,19141.0
5.982905982905983,19147.0
5.982905982905983,19149.0
5.982905982905983,19161.0
5.982905982905983,19167.0
5.982905982905983,19193.0
5.982905982905983,31027.0
5.982905982905983,31043.0
5.982905982905983,31051.0
5.982905982905983,31107.0
5.982905982905983,31119.0
5.982905982905983,31139.0
5.982905982905983,31167.0
5.982905982905983,31173.0
5.982905982905983,31179.0
5.982905982905983,46127.0
8.547008547008547,48027.0
8.547008547008547,48041.0
8.547008547008547,48051.0
8.547008547008547,48099.0
8.547008547008547,48145.0
8.547008547008547,48281.0
8.547008547008547,48289.0
8.547008547008547,48293.0
8.547008547008547,48309.0
8.547008547008547,48313.0
8.547008547008547,48331.0
8.547008547008547,48333.0
8.547008547008547,48395.0
8.547008547008547,48411.0
1.7094017094017093,48469.0
5.982905982905983,40031.0
5.982905982905983,40033.0
5.982905982905983,40065.0
5.982905982905983,40067.0
5.982905982905983,40137.0
5.982905982905983,40141.0
5.982905982905983,48009.0
5.982905982905983,48023.0
5.982905982905983,48077.0
5.982905982905983,48155.0
5.982905982905983,48197.0
5.982905982905983,48269.0
5.982905982905983,48337.0
5.982905982905983,48447.0
5.982905982905983,48485.0
5.982905982905983,48487.0
5.982905982905983,48503.0
5.982905982905983,5003.0
5.982905982905983,5139.0
5.982905982905983,22021.0
5.982905982905983,22025.0
5.982905982905983,22029.0
5.982905982905983,22035.0
5.982905982905983,22041.0
5.982905982905983,22049.0
5.982905982905983,22059.0
5.982905982905983,22061.0
5.982905982905983,22065.0
5.982905982905983,22067.0
5.982905982905983,22073.0
5.982905982905983,22083.0
5.982905982905983,22107.0
5.982905982905983,22111.0
5.982905982905983,22123.0
5.982905982905983,22127.0
8.547008547008547,1007.0
8.547008547008547,1009.0
8.547008547008547,1015.0
8.547008547008547,1019.0
8.547008547008547,1021.0
8.547008547008547,1027.0
8.547008547008547,1037.0
8.547008547008547,1043.0
8.547008547008547,1055.0
8.547008547008547,1057.0
8.547008547008547,1063.0
8.547008547008547,1065.0
8.547008547008547,1073.0
8.547008547008547,1093.0
8.547008547008547,1107.0
8.547008547008547,1115.0
8.547008547008547,1117.0
8.547008547008547,1121.0
8.547008547008547,1125.0
8.547008547008547,1127.0
8.547008547008547,1133.0
2.5641025641025643,19051.0
2.5641025641025643,19101.0
2.5641025641025643,19177.0
2.5641025641025643,19179.0
2.5641025641025643,29001.0
2.5641025641025643,29121.0
2.5641025641025643,29171.0
2.5641025641025643,29197.0
2.5641025641025643,29211.0
6.837606837606837,17003.0
6.837606837606837,17055.0
6.837606837606837,17059.0
6.837606837606837,17065.0
6.837606837606837,17069.0
6.837606837606837,17077.0
6.837606837606837,17081.0
6.837606837606837,17087.0
6.837606837606837,17127.0
6.837606837606837,17145.0
6.837606837606837,17151.0
6.837606837606837,17153.0
6.837606837606837,17165.0
6.837606837606837,17181.0
6.837606837606837,17199.0
6.837606837606837,21007.0
6.837606837606837,21033.0
6.837606837606837,21035.0
6.837606837606837,21039.0
6.837606837606837,21055.0
6.837606837606837,21075.0
6.837606837606837,21083.0
6.837606837606837,21105.0
6.837606837606837,21139.0
6.837606837606837,21143.0
6.837606837606837,21145.0
6.837606837606837,21157.0
6.837606837606837,29017.0
6.837606837606837,29023.0
6.837606837606837,29031.0
6.837606837606837,29035.0
6.837606837606837,29069.0
6.837606837606837,29123.0
6.837606837606837,29133.0
6.837606837606837,29143.0
6.837606837606837,29155.0
6.837606837606837,29157.0
6.837606837606837,29181.0
6.837606837606837,29201.0
6.837606837606837,29207.0
6.837606837606837,29223.0
6.837606837606837,47095.0
6.837606837606837,47131.0
6.837606837606837,47183.0
5.982905982905983,35025.0
5.982905982905983,48003.0
5.982905982905983,48043.0
5.982905982905983,48103.0
5.982905982905983,48135.0
5.982905982905983,48173.0
5.982905982905983,48227.0
5.982905982905983,48243.0
5.982905982905983,48301.0
5.982905982905983,48317.0
5.982905982905983,48329.0
5.982905982905983,48371.0
5.982905982905983,48377.0
5.982905982905983,48383.0
5.982905982905983,48389.0
5.982905982905983,48443.0
5.982905982905983,48461.0
5.982905982905983,48475.0
5.982905982905983,48495.0
6.837606837606837,35009.0
6.837606837606837,35037.0
6.837606837606837,35041.0
6.837606837606837,35059.0
6.837606837606837,40007.0
6.837606837606837,40025.0
6.837606837606837,40139.0
6.837606837606837,48011.0
6.837606837606837,48045.0
6.837606837606837,48065.0
6.837606837606837,48069.0
6.837606837606837,48075.0
6.837606837606837,48087.0
6.837606837606837,48101.0
6.837606837606837,48111.0
6.837606837606837,48117.0
6.837606837606837,48129.0
6.837606837606837,48179.0
6.837606837606837,48191.0
6.837606837606837,48195.0
6.837606837606837,48205.0
6.837606837606837,48211.0
6.837606837606837,48233.0
6.837606837606837,48295.0
6.837606837606837,48341.0
6.837606837606837,48357.0
6.837606837606837,48359.0
6.837606837606837,48369.0
6.837606837606837,48375.0
6.837606837606837,48381.0
6.837606837606837,48393.0
6.837606837606837,48421.0
6.837606837606837,48437.0
6.837606837606837,48483.0
10.256410256410257,48021.0
10.256410256410257,48031.0
10.256410256410257,48053.0
10.256410256410257,48055.0
10.256410256410257,48149.0
10.256410256410257,48171.0
10.256410256410257,48209.0
10.256410256410257,48287.0
10.256410256410257,48299.0
10.256410256410257,48319.0
10.256410256410257,48453.0
10.256410256410257,48491.0
7.6923076923076925,48061.0
7.6923076923076925,48215.0
7.6923076923076925,48427.0
7.6923076923076925,48489.0
8.547008547008547,19005.0
8.547008547008547,19011.0
8.547008547008547,19013.0
8.547008547008547,19017.0
8.547008547008547,19019.0
8.547008547008547,19023.0
8.547008547008547,19031.0
8.547008547008547,19037.0
8.547008547008547,19043.0
8.547008547008547,19055.0
8.547008547008547,19061.0
8.547008547008547,19065.0
8.547008547008547,19075.0
8.547008547008547,19095.0
8.547008547008547,19103.0
8.547008547008547,19105.0
8.547008547008547,19107.0
8.547008547008547,19113.0
8.547008547008547,19171.0
8.547008547008547,19183.0
8.547008547008547,19191.0
3.4188034188034186,20043.0
3.4188034188034186,29003.0
3.4188034188034186,29021.0
3.4188034188034186,29063.0
5.982905982905983,47017.0
5.982905982905983,47023.0
5.982905982905983,47053.0
5.982905982905983,47071.0
5.982905982905983,47077.0
5.982905982905983,47113.0
9.401709401709402,5035.0
9.401709401709402,5037.0
9.401709401709402,5077.0
9.401709401709402,5093.0
9.401709401709402,5107.0
9.401709401709402,5111.0
9.401709401709402,5123.0
9.401709401709402,28003.0
9.401709401709402,28009.0
9.401709401709402,28027.0
9.401709401709402,28033.0
9.401709401709402,28071.0
9.401709401709402,28093.0
9.401709401709402,28107.0
9.401709401709402,28119.0
9.401709401709402,28137.0
9.401709401709402,28139.0
9.401709401709402,28143.0
9.401709401709402,47033.0
9.401709401709402,47045.0
9.401709401709402,47047.0
9.401709401709402,47069.0
9.401709401709402,47075.0
9.401709401709402,47097.0
9.401709401709402,47109.0
9.401709401709402,47157.0
9.401709401709402,47167.0
9.401709401709402,48013.0
9.401709401709402,48019.0
9.401709401709402,48029.0
9.401709401709402,48091.0
9.401709401709402,48123.0
9.401709401709402,48127.0
9.401709401709402,48137.0
9.401709401709402,48163.0
9.401709401709402,48175.0
9.401709401709402,48177.0
9.401709401709402,48187.0
9.401709401709402,48255.0
9.401709401709402,48259.0
9.401709401709402,48265.0
9.401709401709402,48271.0
9.401709401709402,48283.0
9.401709401709402,48285.0
9.401709401709402,48311.0
9.401709401709402,48323.0
9.401709401709402,48325.0
9.401709401709402,48385.0
9.401709401709402,48463.0
9.401709401709402,48465.0
9.401709401709402,48493.0
9.401709401709402,48507.0
5.982905982905983,22001.0
5.982905982905983,22039.0
5.982905982905983,22045.0
5.982905982905983,22053.0
5.982905982905983,22055.0
5.982905982905983,22097.0
5.982905982905983,22099.0
5.982905982905983,22113.0
4.273504273504273,22003.0
4.273504273504273,22011.0
4.273504273504273,22019.0
4.273504273504273,22023.0
4.273504273504273,22009.0
4.273504273504273,22043.0
4.273504273504273,22079.0
4.273504273504273,22115.0
2.5641025641025643,28011.0
2.5641025641025643,28015.0
2.5641025641025643,28043.0
2.5641025641025643,28083.0
2.5641025641025643,28133.0
2.5641025641025643,28135.0
2.5641025641025643,28151.0
7.6923076923076925,17017.0
7.6923076923076925,17019.0
7.6923076923076925,17021.0
7.6923076923076925,17029.0
7.6923076923076925,17035.0
7.6923076923076925,17039.0
7.6923076923076925,17041.0
7.6923076923076925,17045.0
7.6923076923076925,17049.0
7.6923076923076925,17053.0
7.6923076923076925,17075.0
7.6923076923076925,17107.0
7.6923076923076925,17115.0
7.6923076923076925,17129.0
7.6923076923076925,17137.0
7.6923076923076925,17139.0
7.6923076923076925,17147.0
7.6923076923076925,17167.0
7.6923076923076925,17173.0
7.6923076923076925,17183.0
7.6923076923076925,18171.0
6.837606837606837,17047.0
6.837606837606837,17185.0
6.837606837606837,17191.0
6.837606837606837,17193.0
6.837606837606837,18037.0
6.837606837606837,18051.0
6.837606837606837,18123.0
6.837606837606837,18125.0
6.837606837606837,18129.0
6.837606837606837,18147.0
6.837606837606837,18163.0
6.837606837606837,18173.0
6.837606837606837,21059.0
6.837606837606837,21091.0
6.837606837606837,21101.0
6.837606837606837,21107.0
6.837606837606837,21149.0
6.837606837606837,21177.0
6.837606837606837,21183.0
6.837606837606837,21225.0
6.837606837606837,21233.0
8.547008547008547,40003.0
8.547008547008547,40009.0
8.547008547008547,40011.0
8.547008547008547,40015.0
8.547008547008547,40017.0
8.547008547008547,40027.0
8.547008547008547,40039.0
8.547008547008547,40043.0
8.547008547008547,40045.0
8.547008547008547,40047.0
8.547008547008547,40049.0
8.547008547008547,40051.0
8.547008547008547,40053.0
8.547008547008547,40055.0
8.547008547008547,40057.0
8.547008547008547,40059.0
8.547008547008547,40063.0
8.547008547008547,40071.0
8.547008547008547,40073.0
8.547008547008547,40075.0
8.547008547008547,40081.0
8.547008547008547,40083.0
8.547008547008547,40087.0
8.547008547008547,40093.0
8.547008547008547,40099.0
8.547008547008547,40103.0
8.547008547008547,40107.0
8.547008547008547,40109.0
8.547008547008547,40119.0
8.547008547008547,40125.0
8.547008547008547,40129.0
8.547008547008547,40133.0
8.547008547008547,40149.0
8.547008547008547,40151.0
8.547008547008547,40153.0
6.837606837606837,48017.0
6.837606837606837,48033.0
6.837606837606837,48079.0
6.837606837606837,48107.0
6.837606837606837,48115.0
6.837606837606837,48125.0
6.837606837606837,48153.0
6.837606837606837,48165.0
6.837606837606837,48169.0
6.837606837606837,48189.0
6.837606837606837,48219.0
6.837606837606837,48263.0
6.837606837606837,48279.0
6.837606837606837,48303.0
6.837606837606837,48305.0
6.837606837606837,48345.0
6.837606837606837,48445.0
6.837606837606837,48501.0
8.547008547008547,19029.0
8.547008547008547,19047.0
8.547008547008547,19071.0
8.547008547008547,19085.0
8.547008547008547,19129.0
8.547008547008547,19137.0
8.547008547008547,19145.0
8.547008547008547,19155.0
8.547008547008547,19165.0
8.547008547008547,29005.0
8.547008547008547,31021.0
8.547008547008547,31025.0
8.547008547008547,31037.0
8.547008547008547,31039.0
8.547008547008547,31053.0
8.547008547008547,31055.0
8.547008547008547,31097.0
8.547008547008547,31127.0
8.547008547008547,31131.0
8.547008547008547,31141.0
8.547008547008547,31147.0
8.547008547008547,31153.0
8.547008547008547,31155.0
8.547008547008547,31177.0
5.128205128205129,12005.0
5.128205128205129,12013.0
5.128205128205129,12037.0
5.128205128205129,12045.0
5.128205128205129,12063.0
5.128205128205129,12077.0
5.128205128205129,12131.0
5.128205128205129,12133.0
5.128205128205129,40005.0
5.128205128205129,40013.0
5.128205128205129,40019.0
5.128205128205129,40023.0
5.128205128205129,40029.0
5.128205128205129,40069.0
5.128205128205129,40085.0
5.128205128205129,40095.0
5.128205128205129,40123.0
5.128205128205129,40127.0
5.128205128205129,48181.0
8.547008547008547,26109.0
8.547008547008547,55009.0
8.547008547008547,55015.0
8.547008547008547,55029.0
8.547008547008547,55037.0
8.547008547008547,55039.0
8.547008547008547,55047.0
8.547008547008547,55061.0
8.547008547008547,55071.0
8.547008547008547,55075.0
8.547008547008547,55078.0
8.547008547008547,55083.0
8.547008547008547,55087.0
8.547008547008547,55115.0
8.547008547008547,55135.0
8.547008547008547,55137.0
8.547008547008547,55139.0
10.256410256410257,21003.0
10.256410256410257,21047.0
10.256410256410257,21053.0
10.256410256410257,21057.0
10.256410256410257,21141.0
10.256410256410257,21171.0
10.256410256410257,21213.0
10.256410256410257,21219.0
10.256410256410257,21221.0
10.256410256410257,47003.0
10.256410256410257,47005.0
10.256410256410257,47015.0
10.256410256410257,47021.0
10.256410256410257,47027.0
10.256410256410257,47031.0
10.256410256410257,47037.0
10.256410256410257,47039.0
10.256410256410257,47041.0
10.256410256410257,47043.0
10.256410256410257,47051.0
10.256410256410257,47055.0
10.256410256410257,47079.0
10.256410256410257,47081.0
10.256410256410257,47083.0
10.256410256410257,47085.0
10.256410256410257,47087.0
10.256410256410257,47099.0
10.256410256410257,47101.0
10.256410256410257,47111.0
10.256410256410257,47117.0
10.256410256410257,47119.0
10.256410256410257,47125.0
10.256410256410257,47127.0
10.256410256410257,47133.0
10.256410256410257,47135.0
10.256410256410257,47137.0
10.256410256410257,47141.0
10.256410256410257,47147.0
10.256410256410257,47149.0
10.256410256410257,47159.0
10.256410256410257,47161.0
10.256410256410257,47165.0
10.256410256410257,47169.0
10.256410256410257,47175.0
10.256410256410257,47177.0
10.256410256410257,47181.0
10.256410256410257,47185.0
10.256410256410257,47187.0
10.256410256410257,47189.0
5.128205128205129,48081.0
5.128205128205129,48095.0
5.128205128205129,48105.0
5.128205128205129,48235.0
5.128205128205129,48267.0
5.128205128205129,48307.0
5.128205128205129,48327.0
5.128205128205129,48413.0
5.128205128205129,48431.0
5.128205128205129,48435.0
5.128205128205129,48451.0
6.837606837606837,48049.0
6.837606837606837,48059.0
6.837606837606837,48083.0
6.837606837606837,48133.0
6.837606837606837,48151.0
6.837606837606837,48207.0
6.837606837606837,48253.0
6.837606837606837,48275.0
6.837606837606837,48335.0
6.837606837606837,48353.0
6.837606837606837,48399.0
6.837606837606837,48415.0
6.837606837606837,48417.0
6.837606837606837,48429.0
6.837606837606837,48433.0
6.837606837606837,48441.0
8.547008547008547,55021.0
8.547008547008547,55025.0
8.547008547008547,55043.0
8.547008547008547,55045.0
8.547008547008547,55049.0
8.547008547008547,55057.0
8.547008547008547,55065.0
8.547008547008547,55077.0
8.547008547008547,55103.0
8.547008547008547,55105.0
8.547008547008547,55111.0
8.547008547008547,5007.0
8.547008547008547,5033.0
8.547008547008547,5047.0
8.547008547008547,5071.0
8.547008547008547,5083.0
8.547008547008547,5087.0
8.547008547008547,5127.0
8.547008547008547,5131.0
8.547008547008547,5143.0
8.547008547008547,40079.0
8.547008547008547,40135.0
8.547008547008547,20019.0
8.547008547008547,20125.0
8.547008547008547,40001.0
8.547008547008547,40021.0
8.547008547008547,40035.0
8.547008547008547,40037.0
8.547008547008547,40041.0
8.547008547008547,40061.0
8.547008547008547,40077.0
8.547008547008547,40091.0
8.547008547008547,40097.0
8.547008547008547,40101.0
8.547008547008547,40105.0
8.547008547008547,40111.0
8.547008547008547,40113.0
8.547008547008547,40117.0
8.547008547008547,40121.0
8.547008547008547,40131.0
8.547008547008547,40143.0
8.547008547008547,40145.0
8.547008547008547,40147.0
6.837606837606837,1075.0
6.837606837606837,28013.0
6.837606837606837,28017.0
6.837606837606837,28019.0
6.837606837606837,28025.0
6.837606837606837,28057.0
6.837606837606837,28081.0
6.837606837606837,28087.0
6.837606837606837,28095.0
6.837606837606837,28097.0
6.837606837606837,28103.0
6.837606837606837,28105.0
6.837606837606837,28115.0
6.837606837606837,28117.0
6.837606837606837,28141.0
6.837606837606837,28145.0
6.837606837606837,28155.0
6.837606837606837,28159.0
6.837606837606837,28161.0
8.547008547008547,17057.0
8.547008547008547,17105.0
8.547008547008547,17113.0
8.547008547008547,17123.0
8.547008547008547,17125.0
8.547008547008547,17143.0
8.547008547008547,17155.0
8.547008547008547,17175.0
8.547008547008547,17179.0
8.547008547008547,17203.0
8.547008547008547,26053.0
8.547008547008547,27017.0
8.547008547008547,27031.0
8.547008547008547,27061.0
8.547008547008547,27071.0
8.547008547008547,27075.0
8.547008547008547,27137.0
8.547008547008547,55003.0
8.547008547008547,55007.0
8.547008547008547,55031.0
8.547008547008547,55051.0
8.547008547008547,55113.0
8.547008547008547,20007.0
8.547008547008547,20009.0
8.547008547008547,20015.0
8.547008547008547,20017.0
8.547008547008547,20023.0
8.547008547008547,20025.0
8.547008547008547,20033.0
8.547008547008547,20035.0
8.547008547008547,20039.0
8.547008547008547,20041.0
8.547008547008547,20047.0
8.547008547008547,20049.0
8.547008547008547,20051.0
8.547008547008547,20053.0
8.547008547008547,20055.0
8.547008547008547,20057.0
8.547008547008547,20063.0
8.547008547008547,20065.0
8.547008547008547,20067.0
8.547008547008547,20069.0
8.547008547008547,20071.0
8.547008547008547,20073.0
8.547008547008547,20075.0
8.547008547008547,20077.0
8.547008547008547,20079.0
8.547008547008547,20081.0
8.547008547008547,20083.0
8.547008547008547,20089.0
8.547008547008547,20093.0
8.547008547008547,20095.0
8.547008547008547,20097.0
8.547008547008547,20101.0
8.547008547008547,20105.0
8.547008547008547,20109.0
8.547008547008547,20113.0
8.547008547008547,20115.0
8.547008547008547,20119.0
8.547008547008547,20123.0
8.547008547008547,20129.0
8.547008547008547,20135.0
8.547008547008547,20137.0
8.547008547008547,20141.0
8.547008547008547,20143.0
8.547008547008547,20145.0
8.547008547008547,20151.0
8.547008547008547,20153.0
8.547008547008547,20155.0
8.547008547008547,20159.0
8.547008547008547,20163.0
8.547008547008547,20165.0
8.547008547008547,20167.0
8.547008547008547,20169.0
8.547008547008547,20171.0
8.547008547008547,20173.0
8.547008547008547,20175.0
8.547008547008547,20179.0
8.547008547008547,20181.0
8.547008547008547,20185.0
8.547008547008547,20187.0
8.547008547008547,20189.0
8.547008547008547,20191.0
8.547008547008547,20193.0
8.547008547008547,20195.0
8.547008547008547,20199.0
8.547008547008547,20203.0
8.547008547008547,19001.0
8.547008547008547,19003.0
8.547008547008547,19007.0
8.547008547008547,19009.0
8.547008547008547,19015.0
8.547008547008547,19025.0
8.547008547008547,19027.0
8.547008547008547,19039.0
8.547008547008547,19049.0
8.547008547008547,19053.0
8.547008547008547,19069.0
8.547008547008547,19073.0
8.547008547008547,19077.0
8.547008547008547,19079.0
8.547008547008547,19083.0
8.547008547008547,19091.0
8.547008547008547,19099.0
8.547008547008547,19109.0
8.547008547008547,19117.0
8.547008547008547,19121.0
8.547008547008547,19123.0
8.547008547008547,19125.0
8.547008547008547,19127.0
8.547008547008547,19135.0
8.547008547008547,19151.0
8.547008547008547,19153.0
8.547008547008547,19157.0
8.547008547008547,19159.0
8.547008547008547,19169.0
8.547008547008547,19173.0
8.547008547008547,19175.0
8.547008547008547,19181.0
8.547008547008547,19185.0
8.547008547008547,19187.0
8.547008547008547,19197.0
7.6923076923076925,17011.0
7.6923076923076925,17015.0
7.6923076923076925,17071.0
7.6923076923076925,17073.0
7.6923076923076925,17085.0
7.6923076923076925,17095.0
7.6923076923076925,17131.0
7.6923076923076925,17161.0
7.6923076923076925,17187.0
7.6923076923076925,17195.0
7.6923076923076925,19045.0
7.6923076923076925,19057.0
7.6923076923076925,19087.0
7.6923076923076925,19097.0
7.6923076923076925,19115.0
7.6923076923076925,19139.0
7.6923076923076925,19163.0
7.6923076923076925,1003.0
7.6923076923076925,1025.0
7.6923076923076925,1035.0
7.6923076923076925,1053.0
7.6923076923076925,1097.0
7.6923076923076925,1099.0
7.6923076923076925,1129.0
7.6923076923076925,12033.0
7.6923076923076925,12091.0
7.6923076923076925,12113.0
7.6923076923076925,28039.0
7.6923076923076925,28041.0
7.6923076923076925,30025.0
7.6923076923076925,30055.0
7.6923076923076925,30083.0
7.6923076923076925,30085.0
7.6923076923076925,30091.0
7.6923076923076925,30109.0
7.6923076923076925,38001.0
7.6923076923076925,38007.0
7.6923076923076925,38009.0
7.6923076923076925,38011.0
7.6923076923076925,38013.0
7.6923076923076925,38015.0
7.6923076923076925,38023.0
7.6923076923076925,38025.0
7.6923076923076925,38029.0
7.6923076923076925,38033.0
7.6923076923076925,38037.0
7.6923076923076925,38041.0
7.6923076923076925,38043.0
7.6923076923076925,38047.0
7.6923076923076925,38049.0
7.6923076923076925,38051.0
7.6923076923076925,38053.0
7.6923076923076925,38055.0
7.6923076923076925,38057.0
7.6923076923076925,38059.0
7.6923076923076925,38061.0
7.6923076923076925,38065.0
7.6923076923076925,38069.0
7.6923076923076925,38075.0
7.6923076923076925,38079.0
7.6923076923076925,38083.0
7.6923076923076925,38085.0
7.6923076923076925,38087.0
7.6923076923076925,38089.0
7.6923076923076925,38101.0
7.6923076923076925,38103.0
7.6923076923076925,38105.0
7.6923076923076925,46031.0
8.547008547008547,1033.0
8.547008547008547,1049.0
8.547008547008547,1059.0
8.547008547008547,1071.0
8.547008547008547,1077.0
8.547008547008547,1079.0
8.547008547008547,1083.0
8.547008547008547,1089.0
8.547008547008547,1095.0
8.547008547008547,1103.0
8.547008547008547,47103.0
5.128205128205129,48199.0
5.128205128205129,48241.0
5.128205128205129,48245.0
5.128205128205129,48351.0
5.128205128205129,48361.0
5.128205128205129,48457.0
7.6923076923076925,5001.0
7.6923076923076925,5011.0
7.6923076923076925,5013.0
7.6923076923076925,5017.0
7.6923076923076925,5019.0
7.6923076923076925,5023.0
7.6923076923076925,5025.0
7.6923076923076925,5029.0
7.6923076923076925,5039.0
7.6923076923076925,5041.0
7.6923076923076925,5043.0
7.6923076923076925,5045.0
7.6923076923076925,5051.0
7.6923076923076925,5053.0
7.6923076923076925,5059.0
7.6923076923076925,5063.0
7.6923076923076925,5065.0
7.6923076923076925,5067.0
7.6923076923076925,5069.0
7.6923076923076925,5079.0
7.6923076923076925,5085.0
7.6923076923076925,5095.0
7.6923076923076925,5097.0
7.6923076923076925,5099.0
7.6923076923076925,5103.0
7.6923076923076925,5105.0
7.6923076923076925,5109.0
7.6923076923076925,5113.0
7.6923076923076925,5115.0
7.6923076923076925,5117.0
7.6923076923076925,5119.0
7.6923076923076925,5125.0
7.6923076923076925,5129.0
7.6923076923076925,5137.0
7.6923076923076925,5141.0
7.6923076923076925,5145.0
7.6923076923076925,5147.0
7.6923076923076925,5149.0
6.837606837606837,1001.0
6.837606837606837,1011.0
6.837606837606837,1013.0
6.837606837606837,1039.0
6.837606837606837,1041.0
6.837606837606837,1047.0
6.837606837606837,1051.0
6.837606837606837,1085.0
6.837606837606837,1087.0
6.837606837606837,1091.0
6.837606837606837,1101.0
6.837606837606837,1105.0
6.837606837606837,1109.0
6.837606837606837,1123.0
6.837606837606837,1131.0
7.6923076923076925,27055.0
7.6923076923076925,27169.0
7.6923076923076925,55011.0
7.6923076923076925,55017.0
7.6923076923076925,55019.0
7.6923076923076925,55023.0
7.6923076923076925,55035.0
7.6923076923076925,55053.0
7.6923076923076925,55063.0
7.6923076923076925,55081.0
7.6923076923076925,55091.0
7.6923076923076925,55107.0
7.6923076923076925,55121.0
7.6923076923076925,55123.0
7.6923076923076925,55001.0
7.6923076923076925,55041.0
7.6923076923076925,55067.0
7.6923076923076925,55069.0
7.6923076923076925,55073.0
7.6923076923076925,55085.0
7.6923076923076925,55097.0
7.6923076923076925,55099.0
7.6923076923076925,55119.0
7.6923076923076925,55125.0
7.6923076923076925,55141.0
7.6923076923076925,48005.0
7.6923076923076925,48063.0
7.6923076923076925,48073.0
7.6923076923076925,48159.0
7.6923076923076925,48183.0
7.6923076923076925,48225.0
7.6923076923076925,48347.0
7.6923076923076925,48401.0
7.6923076923076925,48403.0
7.6923076923076925,48405.0
7.6923076923076925,48423.0
7.6923076923076925,48459.0
7.6923076923076925,48499.0
5.982905982905983,28031.0
5.982905982905983,28035.0
5.982905982905983,28061.0
5.982905982905983,28067.0
5.982905982905983,28073.0
5.982905982905983,28091.0
5.982905982905983,28111.0
5.982905982905983,28153.0
2.5641025641025643,1023.0
2.5641025641025643,1119.0
2.5641025641025643,28023.0
2.5641025641025643,28069.0
2.5641025641025643,28075.0
2.5641025641025643,28099.0
2.5641025641025643,28101.0
7.6923076923076925,22005.0
7.6923076923076925,22007.0
7.6923076923076925,22033.0
7.6923076923076925,22037.0
7.6923076923076925,22047.0
7.6923076923076925,22063.0
7.6923076923076925,22077.0
7.6923076923076925,22091.0
7.6923076923076925,22101.0
7.6923076923076925,22121.0
7.6923076923076925,22125.0
7.6923076923076925,28005.0
7.6923076923076925,28157.0
5.128205128205129,17001.0
5.128205128205129,17009.0
5.128205128205129,17067.0
5.128205128205129,17109.0
5.128205128205129,17149.0
5.128205128205129,17169.0
5.128205128205129,17171.0
5.128205128205129,19111.0
5.128205128205129,29045.0
5.128205128205129,29103.0
5.128205128205129,29111.0
5.128205128205129,29127.0
5.128205128205129,29137.0
5.128205128205129,29173.0
5.128205128205129,29199.0
5.128205128205129,29205.0
7.6923076923076925,28001.0
7.6923076923076925,28007.0
7.6923076923076925,28021.0
7.6923076923076925,28029.0
7.6923076923076925,28037.0
7.6923076923076925,28049.0
7.6923076923076925,28051.0
7.6923076923076925,28053.0
7.6923076923076925,28055.0
7.6923076923076925,28063.0
7.6923076923076925,28065.0
7.6923076923076925,28077.0
7.6923076923076925,28079.0
7.6923076923076925,28085.0
7.6923076923076925,28089.0
7.6923076923076925,28113.0
7.6923076923076925,28121.0
7.6923076923076925,28123.0
7.6923076923076925,28125.0
7.6923076923076925,28127.0
7.6923076923076925,28129.0
7.6923076923076925,28147.0
7.6923076923076925,28149.0
7.6923076923076925,28163.0
8.547008547008547,20147.0
8.547008547008547,20157.0
8.547008547008547,20183.0
8.547008547008547,31001.0
8.547008547008547,31003.0
8.547008547008547,31009.0
8.547008547008547,31011.0
8.547008547008547,31015.0
8.547008547008547,31017.0
8.547008547008547,31019.0
8.547008547008547,31023.0
8.547008547008547,31029.0
8.547008547008547,31035.0
8.547008547008547,31041.0
8.547008547008547,31047.0
8.547008547008547,31059.0
8.547008547008547,31061.0
8.547008547008547,31063.0
8.547008547008547,31065.0
8.547008547008547,31067.0
8.547008547008547,31071.0
8.547008547008547,31073.0
8.547008547008547,31077.0
8.547008547008547,31079.0
8.547008547008547,31081.0
8.547008547008547,31083.0
8.547008547008547,31085.0
8.547008547008547,31087.0
8.547008547008547,31089.0
8.547008547008547,31093.0
8.547008547008547,31095.0
8.547008547008547,31099.0
8.547008547008547,31103.0
8.547008547008547,31109.0
8.547008547008547,31115.0
8.547008547008547,31121.0
8.547008547008547,31125.0
8.547008547008547,31129.0
8.547008547008547,31133.0
8.547008547008547,31135.0
8.547008547008547,31137.0
8.547008547008547,31143.0
8.547008547008547,31145.0
8.547008547008547,31149.0
8.547008547008547,31151.0
8.547008547008547,31159.0
8.547008547008547,31163.0
8.547008547008547,31169.0
8.547008547008547,31175.0
8.547008547008547,31181.0
8.547008547008547,31183.0
8.547008547008547,31185.0
7.6923076923076925,27005.0
7.6923076923076925,27027.0
7.6923076923076925,27029.0
7.6923076923076925,27069.0
7.6923076923076925,27077.0
7.6923076923076925,27087.0
7.6923076923076925,27089.0
7.6923076923076925,27107.0
7.6923076923076925,27111.0
7.6923076923076925,27113.0
7.6923076923076925,27119.0
7.6923076923076925,27125.0
7.6923076923076925,27135.0
7.6923076923076925,27167.0
7.6923076923076925,38003.0
7.6923076923076925,38005.0
7.6923076923076925,38017.0
7.6923076923076925,38019.0
7.6923076923076925,38021.0
7.6923076923076925,38027.0
7.6923076923076925,38031.0
7.6923076923076925,38035.0
7.6923076923076925,38039.0
7.6923076923076925,38045.0
7.6923076923076925,38063.0
7.6923076923076925,38067.0
7.6923076923076925,38071.0
7.6923076923076925,38073.0
7.6923076923076925,38077.0
7.6923076923076925,38081.0
7.6923076923076925,38091.0
7.6923076923076925,38093.0
7.6923076923076925,38095.0
7.6923076923076925,38097.0
7.6923076923076925,38099.0
7.6923076923076925,19119.0
7.6923076923076925,19143.0
7.6923076923076925,27081.0
7.6923076923076925,27101.0
7.6923076923076925,27105.0
7.6923076923076925,27117.0
7.6923076923076925,27133.0
7.6923076923076925,31031.0
7.6923076923076925,31171.0
7.6923076923076925,46003.0
7.6923076923076925,46005.0
7.6923076923076925,46009.0
7.6923076923076925,46011.0
7.6923076923076925,46013.0
7.6923076923076925,46015.0
7.6923076923076925,46017.0
7.6923076923076925,46021.0
7.6923076923076925,46023.0
7.6923076923076925,46025.0
7.6923076923076925,46027.0
7.6923076923076925,46029.0
7.6923076923076925,46035.0
7.6923076923076925,46037.0
7.6923076923076925,46039.0
7.6923076923076925,46041.0
7.6923076923076925,46043.0
7.6923076923076925,46045.0
7.6923076923076925,46049.0
7.6923076923076925,46051.0
7.6923076923076925,46053.0
7.6923076923076925,46057.0
7.6923076923076925,46059.0
7.6923076923076925,46061.0
7.6923076923076925,46065.0
7.6923076923076925,46067.0
7.6923076923076925,46069.0
7.6923076923076925,46073.0
7.6923076923076925,46077.0
7.6923076923076925,46079.0
7.6923076923076925,46083.0
7.6923076923076925,46085.0
7.6923076923076925,46087.0
7.6923076923076925,46089.0
7.6923076923076925,46091.0
7.6923076923076925,46095.0
7.6923076923076925,46097.0
7.6923076923076925,46099.0
7.6923076923076925,46101.0
7.6923076923076925,46107.0
7.6923076923076925,46109.0
7.6923076923076925,46111.0
7.6923076923076925,46115.0
7.6923076923076925,46117.0
7.6923076923076925,46119.0
7.6923076923076925,46121.0
7.6923076923076925,46123.0
7.6923076923076925,46125.0
7.6923076923076925,46129.0
7.6923076923076925,46135.0
4.273504273504273,5021.0
4.273504273504273,5031.0
4.273504273504273,5055.0
4.273504273504273,5075.0
4.273504273504273,5121.0
4.273504273504273,5135.0
5.982905982905983,21009.0
5.982905982905983,21031.0
5.982905982905983,21061.0
5.982905982905983,21099.0
5.982905982905983,21169.0
5.982905982905983,21227.0
3.4188034188034186,27013.0
3.4188034188034186,27015.0
3.4188034188034186,27091.0
3.4188034188034186,27165.0
0.8547008547008547,31111.0
0.8547008547008547,31113.0
0.8547008547008547,31117.0
8.547008547008547,2013.0
8.547008547008547,2016.0
8.547008547008547,2020.0
8.547008547008547,2050.0
8.547008547008547,2060.0
8.547008547008547,2070.0
8.547008547008547,2122.0
8.547008547008547,2150.0
8.547008547008547,2158.0
8.547008547008547,2164.0
8.547008547008547,2170.0
8.547008547008547,2261.0
9.401709401709402,15001.0
9.401709401709402,15003.0
9.401709401709402,15005.0
9.401709401709402,15007.0
9.401709401709402,15009.0
3.4188034188034186,2068.0
3.4188034188034186,2090.0
3.4188034188034186,2180.0
3.4188034188034186,2185.0
3.4188034188034186,2188.0
3.4188034188034186,2240.0
3.4188034188034186,2290.0
5.982905982905983,28047.0
5.982905982905983,28059.0
5.982905982905983,28131.0
2.5641025641025643,2100.0
2.5641025641025643,2105.0
2.5641025641025643,2110.0
2.5641025641025643,2130.0
2.5641025641025643,2195.0
2.5641025641025643,2198.0
2.5641025641025643,2220.0
2.5641025641025643,2230.0
2.5641025641025643,2275.0
2.5641025641025643,2282.0
4.273504273504273,48479.0
4.273504273504273,48505.0
11.965811965811966,8001.0
11.965811965811966,8003.0
11.965811965811966,8005.0
11.965811965811966,8007.0
11.965811965811966,8013.0
11.965811965811966,8014.0
11.965811965811966,8015.0
11.965811965811966,8017.0
11.965811965811966,8019.0
11.965811965811966,8021.0
11.965811965811966,8023.0
11.965811965811966,8029.0
11.965811965811966,8031.0
11.965811965811966,8033.0
11.965811965811966,8035.0
11.965811965811966,8037.0
11.965811965811966,8039.0
11.965811965811966,8045.0
11.965811965811966,8047.0
11.965811965811966,8049.0
11.965811965811966,8051.0
11.965811965811966,8053.0
11.965811965811966,8057.0
11.965811965811966,8059.0
11.965811965811966,8063.0
11.965811965811966,8065.0
11.965811965811966,8069.0
11.965811965811966,8073.0
11.965811965811966,8075.0
11.965811965811966,8079.0
11.965811965811966,8081.0
11.965811965811966,8087.0
11.965811965811966,8091.0
11.965811965811966,8093.0
11.965811965811966,8095.0
11.965811965811966,8097.0
11.965811965811966,8099.0
11.965811965811966,8103.0
11.965811965811966,8105.0
11.965811965811966,8107.0
11.965811965811966,8109.0
11.965811965811966,8111.0
11.965811965811966,8113.0
11.965811965811966,8115.0
11.965811965811966,8117.0
11.965811965811966,8121.0
11.965811965811966,8123.0
11.965811965811966,8125.0
11.965811965811966,31005.0
11.965811965811966,31007.0
11.965811965811966,31013.0
11.965811965811966,31033.0
11.965811965811966,31045.0
11.965811965811966,31049.0
11.965811965811966,31057.0
11.965811965811966,31069.0
11.965811965811966,31075.0
11.965811965811966,31091.0
11.965811965811966,31101.0
11.965811965811966,31105.0
11.965811965811966,31123.0
11.965811965811966,31161.0
11.965811965811966,56001.0
11.965811965811966,56005.0
11.965811965811966,56007.0
11.965811965811966,56019.0
11.965811965811966,56027.0
11.965811965811966,56031.0
7.6923076923076925,8009.0
7.6923076923076925,8011.0
7.6923076923076925,8025.0
7.6923076923076925,8027.0
7.6923076923076925,8041.0
7.6923076923076925,8043.0
7.6923076923076925,8055.0
7.6923076923076925,8061.0
7.6923076923076925,8071.0
7.6923076923076925,8089.0
7.6923076923076925,8101.0
7.6923076923076925,8119.0
12.820512820512821,4001.0
12.820512820512821,4005.0
12.820512820512821,4007.0
12.820512820512821,4009.0
12.820512820512821,4011.0
12.820512820512821,4012.0
12.820512820512821,4013.0
12.820512820512821,4015.0
12.820512820512821,4017.0
12.820512820512821,4021.0
12.820512820512821,4025.0
5.128205128205129,30001.0
5.128205128205129,30023.0
5.128205128205129,30031.0
5.128205128205129,30043.0
5.128205128205129,30057.0
5.128205128205129,30077.0
5.128205128205129,30093.0
3.4188034188034186,30005.0
3.4188034188034186,30013.0
3.4188034188034186,30015.0
3.4188034188034186,30019.0
3.4188034188034186,30027.0
3.4188034188034186,30035.0
3.4188034188034186,30041.0
3.4188034188034186,30045.0
3.4188034188034186,30051.0
3.4188034188034186,30071.0
3.4188034188034186,30073.0
3.4188034188034186,30099.0
3.4188034188034186,30101.0
3.4188034188034186,30105.0
4.273504273504273,30003.0
4.273504273504273,30009.0
4.273504273504273,30017.0
4.273504273504273,30033.0
4.273504273504273,30037.0
4.273504273504273,30059.0
4.273504273504273,30065.0
4.273504273504273,30067.0
4.273504273504273,30069.0
4.273504273504273,30075.0
4.273504273504273,30087.0
4.273504273504273,30095.0
4.273504273504273,30097.0
4.273504273504273,30103.0
4.273504273504273,30107.0
4.273504273504273,30111.0
4.273504273504273,56003.0
4.273504273504273,56029.0
8.547008547008547,16001.0
8.547008547008547,16003.0
8.547008547008547,16015.0
8.547008547008547,16025.0
8.547008547008547,16027.0
8.547008547008547,16039.0
8.547008547008547,16045.0
8.547008547008547,16073.0
8.547008547008547,16075.0
8.547008547008547,16085.0
8.547008547008547,16087.0
8.547008547008547,41045.0
7.6923076923076925,16005.0
7.6923076923076925,16011.0
7.6923076923076925,16019.0
7.6923076923076925,16023.0
7.6923076923076925,16029.0
7.6923076923076925,16033.0
7.6923076923076925,16037.0
7.6923076923076925,16043.0
7.6923076923076925,16051.0
7.6923076923076925,16059.0
7.6923076923076925,16065.0
7.6923076923076925,16077.0
7.6923076923076925,16081.0
7.6923076923076925,56039.0
3.4188034188034186,31157.0
3.4188034188034186,56015.0
3.4188034188034186,56021.0
5.128205128205129,16013.0
5.128205128205129,16031.0
5.128205128205129,16047.0
5.128205128205129,16053.0
5.128205128205129,16063.0
5.128205128205129,16067.0
5.128205128205129,16083.0
6.837606837606837,30029.0
6.837606837606837,30039.0
6.837606837606837,30047.0
6.837606837606837,30061.0
6.837606837606837,30063.0
6.837606837606837,30081.0
6.837606837606837,30089.0
4.273504273504273,30011.0
4.273504273504273,31165.0
4.273504273504273,46007.0
4.273504273504273,46019.0
4.273504273504273,46033.0
4.273504273504273,46047.0
4.273504273504273,46055.0
4.273504273504273,46063.0
4.273504273504273,46071.0
4.273504273504273,46075.0
4.273504273504273,46081.0
4.273504273504273,46093.0
4.273504273504273,46102.0
4.273504273504273,46103.0
4.273504273504273,46105.0
4.273504273504273,46137.0
4.273504273504273,56011.0
4.273504273504273,56033.0
4.273504273504273,56045.0
7.6923076923076925,35013.0
7.6923076923076925,48109.0
7.6923076923076925,48141.0
7.6923076923076925,48229.0
2.5641025641025643,30007.0
2.5641025641025643,30049.0
4.273504273504273,56009.0
4.273504273504273,56013.0
4.273504273504273,56017.0
4.273504273504273,56025.0
4.273504273504273,56043.0
11.11111111111111,16007.0
11.11111111111111,16041.0
11.11111111111111,16071.0
11.11111111111111,32007.0
11.11111111111111,32011.0
11.11111111111111,32033.0
11.11111111111111,49001.0
11.11111111111111,49003.0
11.11111111111111,49005.0
11.11111111111111,49007.0
11.11111111111111,49009.0
11.11111111111111,49011.0
11.11111111111111,49013.0
11.11111111111111,49015.0
11.11111111111111,49017.0
11.11111111111111,49019.0
11.11111111111111,49021.0
11.11111111111111,49023.0
11.11111111111111,49025.0
11.11111111111111,49027.0
11.11111111111111,49029.0
11.11111111111111,49031.0
11.11111111111111,49033.0
11.11111111111111,49035.0
11.11111111111111,49037.0
11.11111111111111,49039.0
11.11111111111111,49041.0
11.11111111111111,49043.0
11.11111111111111,49045.0
11.11111111111111,49047.0
11.11111111111111,49049.0
11.11111111111111,49051.0
11.11111111111111,49053.0
11.11111111111111,49055.0
11.11111111111111,49057.0
11.11111111111111,56023.0
11.11111111111111,56035.0
11.11111111111111,56037.0
11.11111111111111,56041.0
5.128205128205129,4027.0
5.128205128205129,6025.0
4.273504273504273,8077.0
4.273504273504273,8085.0
8.547008547008547,4003.0
8.547008547008547,4019.0
8.547008547008547,4023.0
8.547008547008547,8067.0
8.547008547008547,8083.0
8.547008547008547,35001.0
8.547008547008547,35003.0
8.547008547008547,35005.0
8.547008547008547,35006.0
8.547008547008547,35007.0
8.547008547008547,35011.0
8.547008547008547,35015.0
8.547008547008547,35017.0
8.547008547008547,35019.0
8.547008547008547,35021.0
8.547008547008547,35023.0
8.547008547008547,35027.0
8.547008547008547,35028.0
8.547008547008547,35029.0
8.547008547008547,35031.0
8.547008547008547,35033.0
8.547008547008547,35035.0
8.547008547008547,35039.0
8.547008547008547,35043.0
8.547008547008547,35045.0
8.547008547008547,35047.0
8.547008547008547,35049.0
8.547008547008547,35051.0
8.547008547008547,35053.0
8.547008547008547,35055.0
8.547008547008547,35057.0
8.547008547008547,35061.0
0.0,30021.0
0.0,30079.0
6.837606837606837,6029.0
8.547008547008547,41003.0
8.547008547008547,41011.0
8.547008547008547,41019.0
8.547008547008547,41039.0
5.128205128205129,6015.0
5.128205128205129,6023.0
16.23931623931624,6027.0
16.23931623931624,6037.0
16.23931623931624,6059.0
16.23931623931624,6065.0
16.23931623931624,6071.0
16.23931623931624,6111.0
16.23931623931624,32009.0
7.6923076923076925,
14.52991452991453,6001.0
14.52991452991453,6013.0
14.52991452991453,6033.0
14.52991452991453,6041.0
14.52991452991453,6045.0
14.52991452991453,6055.0
14.52991452991453,6075.0
14.52991452991453,6081.0
14.52991452991453,6085.0
14.52991452991453,6097.0
7.6923076923076925,41059.0
7.6923076923076925,53005.0
7.6923076923076925,53021.0
7.6923076923076925,53037.0
7.6923076923076925,53071.0
7.6923076923076925,53077.0
8.547008547008547,6003.0
8.547008547008547,6035.0
8.547008547008547,6051.0
8.547008547008547,32001.0
8.547008547008547,32005.0
8.547008547008547,32013.0
8.547008547008547,32015.0
8.547008547008547,32019.0
8.547008547008547,32021.0
8.547008547008547,32027.0
8.547008547008547,32029.0
8.547008547008547,32031.0
8.547008547008547,32510.0
8.547008547008547,6093.0
8.547008547008547,41015.0
8.547008547008547,41029.0
8.547008547008547,41033.0
8.547008547008547,41035.0
8.547008547008547,41037.0
11.965811965811966,53007.0
11.965811965811966,53009.0
11.965811965811966,53017.0
11.965811965811966,53027.0
11.965811965811966,53029.0
11.965811965811966,53031.0
11.965811965811966,53033.0
11.965811965811966,53035.0
11.965811965811966,53041.0
11.965811965811966,53045.0
11.965811965811966,53049.0
11.965811965811966,53053.0
11.965811965811966,53055.0
11.965811965811966,53057.0
11.965811965811966,53061.0
11.965811965811966,53067.0
11.965811965811966,53073.0
11.965811965811966,41001.0
11.965811965811966,41005.0
11.965811965811966,41007.0
11.965811965811966,41009.0
11.965811965811966,41013.0
11.965811965811966,41021.0
11.965811965811966,41023.0
11.965811965811966,41025.0
11.965811965811966,41027.0
11.965811965811966,41031.0
11.965811965811966,41041.0
11.965811965811966,41043.0
11.965811965811966,41047.0
11.965811965811966,41049.0
11.965811965811966,41051.0
11.965811965811966,41053.0
11.965811965811966,41055.0
11.965811965811966,41057.0
11.965811965811966,41061.0
11.965811965811966,41065.0
11.965811965811966,41067.0
11.965811965811966,41069.0
11.965811965811966,41071.0
11.965811965811966,53011.0
11.965811965811966,53015.0
11.965811965811966,53039.0
11.965811965811966,53059.0
11.965811965811966,53069.0
5.982905982905983,41017.0
10.256410256410257,6073.0
8.547008547008547,6053.0
8.547008547008547,6069.0
8.547008547008547,6087.0
10.256410256410257,32003.0
10.256410256410257,32017.0
10.256410256410257,32023.0
8.547008547008547,6079.0
8.547008547008547,6083.0
11.11111111111111,6005.0
11.11111111111111,6009.0
11.11111111111111,6011.0
11.11111111111111,6017.0
11.11111111111111,6057.0
11.11111111111111,6061.0
11.11111111111111,6063.0
11.11111111111111,6067.0
11.11111111111111,6077.0
11.11111111111111,6091.0
11.11111111111111,6095.0
11.11111111111111,6099.0
11.11111111111111,6101.0
11.11111111111111,6109.0
11.11111111111111,6113.0
11.11111111111111,6115.0
9.401709401709402,6019.0
9.401709401709402,6031.0
9.401709401709402,6039.0
9.401709401709402,6043.0
9.401709401709402,6047.0
9.401709401709402,6107.0
6.837606837606837,6007.0
6.837606837606837,6021.0
6.837606837606837,6049.0
6.837606837606837,6089.0
6.837606837606837,6103.0
6.837606837606837,6105.0
8.547008547008547,16009.0
8.547008547008547,16017.0
8.547008547008547,16021.0
8.547008547008547,16035.0
8.547008547008547,16049.0
8.547008547008547,16055.0
8.547008547008547,16057.0
8.547008547008547,16061.0
8.547008547008547,16069.0
8.547008547008547,16079.0
8.547008547008547,30053.0
8.547008547008547,41063.0
8.547008547008547,53001.0
8.547008547008547,53003.0
8.547008547008547,53013.0
8.547008547008547,53019.0
8.547008547008547,53023.0
8.547008547008547,53025.0
8.547008547008547,53043.0
8.547008547008547,53047.0
8.547008547008547,53051.0
8.547008547008547,53063.0
8.547008547008547,53065.0
8.547008547008547,53075.0
